{"cameraMode":{"drawMode":0,"name":"Shaded","section":"Shading Mode"},"sceneLighting":true,"audioPlay":false,"sceneViewState":{"m_AlwaysRefresh":false,"showFog":true,"showSkybox":true,"showFlares":true,"showImageEffects":true,"showParticleSystems":true,"showVisualEffectGraphs":true,"m_FxEnabled":true},"in2DMode":false,"pivot":{"x":65.42172241210938,"y":-55.620025634765628,"z":-136.14683532714845},"rotation":{"x":-0.04766310751438141,"y":-0.9517301321029663,"z":0.19629481434822083,"w":-0.2310936450958252},"size":100.97974395751953,"orthographic":false}