{"cameraMode":{"drawMode":0,"name":"Shaded","section":"Shading Mode"},"sceneLighting":false,"audioPlay":false,"sceneViewState":{"m_AlwaysRefresh":false,"showFog":false,"showSkybox":false,"showFlares":false,"showImageEffects":false,"showParticleSystems":false,"showVisualEffectGraphs":true,"m_FxEnabled":true},"in2DMode":false,"pivot":{"x":-2.0391106605529787,"y":1.9474971294403077,"z":-0.16478252410888673},"rotation":{"x":-0.08383592218160629,"y":0.9117065072059631,"z":-0.32764166593551638,"w":-0.23328231275081635},"size":1.3110471963882447,"orthographic":false}